-- MySQL dump 10.11
--
-- Host: localhost    Database: dwz_springmvc
-- ------------------------------------------------------
-- Server version	5.0.51b-community-nt-log

/*!40101 SET @OLD_CHARACTER_SET_CLIENT=@@CHARACTER_SET_CLIENT */;
/*!40101 SET @OLD_CHARACTER_SET_RESULTS=@@CHARACTER_SET_RESULTS */;
/*!40101 SET @OLD_COLLATION_CONNECTION=@@COLLATION_CONNECTION */;
/*!40101 SET NAMES utf8 */;
/*!40103 SET @OLD_TIME_ZONE=@@TIME_ZONE */;
/*!40103 SET TIME_ZONE='+00:00' */;
/*!40014 SET @OLD_UNIQUE_CHECKS=@@UNIQUE_CHECKS, UNIQUE_CHECKS=0 */;
/*!40014 SET @OLD_FOREIGN_KEY_CHECKS=@@FOREIGN_KEY_CHECKS, FOREIGN_KEY_CHECKS=0 */;
/*!40101 SET @OLD_SQL_MODE=@@SQL_MODE, SQL_MODE='NO_AUTO_VALUE_ON_ZERO' */;
/*!40111 SET @OLD_SQL_NOTES=@@SQL_NOTES, SQL_NOTES=0 */;

--
-- Table structure for table `com_area`
--

DROP TABLE IF EXISTS `com_area`;
SET @saved_cs_client     = @@character_set_client;
SET character_set_client = utf8;
CREATE TABLE `com_area` (
  `id` int(11) NOT NULL auto_increment COMMENT '区域: 省份/城市',
  `name` varchar(50) default NULL,
  `pid` int(11) default NULL,
  `lft` int(10) unsigned default NULL,
  `rgt` int(10) unsigned default NULL,
  PRIMARY KEY  (`id`)
) ENGINE=InnoDB AUTO_INCREMENT=3387 DEFAULT CHARSET=utf8;
SET character_set_client = @saved_cs_client;

--
-- Dumping data for table `com_area`
--

LOCK TABLES `com_area` WRITE;
/*!40000 ALTER TABLE `com_area` DISABLE KEYS */;
INSERT INTO `com_area` VALUES (1,'中国',0,1,796),(366,'北京',1,2,5),(367,'北京市',366,3,4),(386,'天津',1,6,9),(387,'天津市',386,7,8),(406,'河北',1,10,35),(407,'石家庄市',406,11,12),(426,'唐山市',406,13,14),(438,'秦皇岛市',406,15,16),(444,'邯郸市',406,17,18),(461,'邢台市',406,19,20),(480,'保定市',406,21,22),(484,'张家口市',406,23,24),(499,'承德市',406,25,26),(509,'沧州市',406,27,28),(525,'廊坊市',406,29,30),(535,'保定市',406,31,32),(556,'衡水市',406,33,34),(568,'山西',1,36,59),(569,'太原市',568,37,38),(575,'大同市',568,39,40),(584,'阳泉市',568,41,42),(588,'长治市',568,43,44),(601,'晋城',568,45,46),(607,'朔州市',568,47,48),(613,'忻州市',568,49,50),(628,'吕梁市',568,51,52),(642,'晋中市',568,53,54),(654,'临汾市',568,55,56),(672,'运城市',568,57,58),(686,'内蒙古',1,60,85),(687,'呼和浩特市',686,61,62),(691,'包头市',686,63,64),(695,'乌海市',686,65,66),(697,'赤峰市',686,67,68),(708,'呼伦贝尔',686,69,70),(722,'兴安盟',686,71,72),(728,'通辽市',686,73,74),(737,'锡林郭勒盟',686,75,76),(750,'乌兰察布盟',686,77,78),(766,'鄂尔多斯',686,79,80),(775,'巴彦淖尔盟',686,81,82),(783,'阿拉善盟',686,83,84),(787,'辽宁',1,86,115),(788,'沈阳市',787,87,88),(794,'大连市',787,89,90),(800,'鞍山市',787,91,92),(805,'抚顺市',787,93,94),(810,'本溪市',787,95,96),(814,'丹东市',787,97,98),(819,'锦州市',787,99,100),(825,'营口市',787,101,102),(829,'阜新市',787,103,104),(833,'辽阳市',787,105,106),(837,'盘锦市',787,107,108),(841,'铁岭市',787,109,110),(848,'朝阳市',787,111,112),(855,'葫芦岛市',787,113,114),(860,'吉林',1,116,135),(861,'长春市',860,117,118),(868,'吉林市',860,119,120),(875,'四平市',860,121,122),(881,'辽源市',860,123,124),(885,'通化市',860,125,126),(898,'松原市',860,127,128),(903,'白城市',860,129,130),(909,'延边朝鲜族自治州',860,131,132),(918,'黑龙江',1,136,163),(919,'哈尔滨市',918,137,138),(926,'齐齐哈尔市',918,139,140),(937,'鸡西市',918,141,142),(941,'鹤岗市',918,143,144),(945,'双鸭山市',918,145,146),(951,'大庆市',918,147,148),(957,'伊春市',918,149,150),(961,'佳木斯市',918,151,152),(969,'七台河市',918,153,154),(972,'牡丹江市',918,155,156),(981,'黑河市',918,157,158),(997,'绥化市',918,159,160),(1008,'大兴安岭地区',918,161,162),(1012,'上海',1,164,167),(1013,'上海市',1012,165,166),(1034,'江苏',1,168,195),(1035,'南京市',1034,169,170),(1042,'无锡市',1034,171,172),(1047,'徐州市',1034,173,174),(1055,'常州市',1034,175,176),(1060,'苏州市',1034,177,178),(1068,'南通市',1034,179,180),(1076,'连云港市',1034,181,182),(1081,'淮安市',1034,183,184),(1092,'宿迁市',1034,185,186),(1094,'盐城市',1034,187,188),(1103,'扬州市',1034,189,190),(1110,'泰州市',1034,191,192),(1115,'镇江市',1034,193,194),(1121,'浙江',1,196,219),(1122,'杭州市',1121,197,198),(1131,'宁波市',1121,199,200),(1139,'温州市',1121,201,202),(1149,'嘉兴市',1121,203,204),(1156,'湖州市',1121,205,206),(1161,'绍兴市',1121,207,208),(1168,'金华市',1121,209,210),(1178,'衢州市',1121,211,212),(1185,'舟山市',1121,213,214),(1189,'丽水市',1121,215,216),(1199,'台州市',1121,217,218),(1208,'安徽',1,220,255),(1209,'合肥市',1208,221,222),(1214,'芜湖市',1208,223,224),(1219,'蚌埠市',1208,225,226),(1224,'淮南市',1208,227,228),(1227,'马鞍山市',1208,229,230),(1230,'淮北市',1208,231,232),(1233,'铜陵市',1208,233,234),(1236,'安庆市',1208,235,236),(1246,'黄山市',1208,237,238),(1252,'滁州市',1208,239,240),(1260,'阜阳地区',1208,241,242),(1271,'宿县地区',1208,243,244),(1277,'六安地区',1208,245,246),(1284,'宣城地区',1208,247,248),(1292,'巢湖地区',1208,249,250),(1298,'池州地区',1208,251,252),(1303,'福建',1,256,275),(1304,'福州市',1303,257,258),(1314,'厦门市',1303,259,260),(1317,'莆田市',1303,261,262),(1321,'三明市',1303,263,264),(1333,'泉州市',1303,265,266),(1343,'漳州市',1303,267,268),(1354,'南平地区',1303,269,270),(1365,'宁德地区',1303,271,272),(1375,'龙岩地区',1303,273,274),(1383,'江西',1,276,299),(1384,'南昌市',1383,277,278),(1390,'景德镇市',1383,279,280),(1394,'萍乡市',1383,281,282),(1397,'九江市',1383,283,284),(1409,'新余市',1383,285,286),(1412,'鹰潭市',1383,287,288),(1416,'赣州地区',1383,289,290),(1435,'宜春地区',1383,291,292),(1446,'上饶地区',1383,293,294),(1459,'吉安地区',1383,295,296),(1473,'抚州地区',1383,297,298),(1485,'山东',1,300,335),(1486,'济南市',1485,301,302),(1493,'青岛市',1485,303,304),(1500,'淄博市',1485,305,306),(1505,'枣庄市',1485,307,308),(1508,'东营市',1485,309,310),(1513,'烟台市',1485,311,312),(1524,'潍坊市',1485,313,314),(1534,'济宁市',1485,315,316),(1546,'泰安市',1485,317,318),(1552,'威海市',1485,319,320),(1557,'日照市',1485,321,322),(1561,'莱芜市',1485,323,324),(1562,'滨州市',1485,325,326),(1570,'德州地区',1485,327,328),(1582,'聊城地区',1485,329,330),(1592,'临沂市',1485,331,332),(1602,'荷泽市',1485,333,334),(1612,'河南',1,336,371),(1613,'郑州市',1612,337,338),(1621,'开封市',1612,339,340),(1628,'洛阳市',1612,341,342),(1639,'平顶山市',1612,343,344),(1648,'安阳市',1612,345,346),(1655,'鹤壁市',1612,347,348),(1659,'新乡市',1612,349,350),(1669,'焦作市',1612,351,352),(1678,'濮阳市',1612,353,354),(1685,'许昌市',1612,355,356),(1691,'漯河市',1612,357,358),(1696,'三门峡市',1612,359,360),(1703,'商丘',1612,361,362),(1713,'周口',1612,363,364),(1724,'驻马店',1612,365,366),(1735,'南阳',1612,367,368),(1749,'信阳',1612,369,370),(1760,'湖北',1,372,409),(1761,'武汉市',1760,373,374),(1766,'黄石市',1760,375,376),(1769,'十堰市',1760,377,378),(1770,'沙市市',1760,379,380),(1771,'宜昌市',1760,381,382),(1782,'襄樊市',1760,383,384),(1789,'随州市',1760,385,386),(1792,'鄂州市',1760,387,388),(1793,'荆门市',1760,389,390),(1794,'孝感市',1760,391,392),(1803,'黄冈市',1760,393,394),(1813,'咸宁市',1760,395,396),(1821,'荆州市',1760,397,398),(1822,'仙桃市',1760,399,400),(1825,'天门市',1760,401,402),(1826,'潜江市',1760,403,404),(1840,'恩施土家族苗族自治州',1760,405,406),(1849,'神农架林区',1760,407,408),(1851,'湖南',1,410,439),(1852,'长沙市',1851,411,412),(1858,'株州市',1851,413,414),(1865,'湘潭市',1851,415,416),(1870,'衡阳市',1851,417,418),(1879,'邵阳市',1851,419,420),(1890,'岳阳市',1851,421,422),(1898,'常德市',1851,423,424),(1907,'张家界',1851,425,426),(1911,'益阳地区',1851,427,428),(1918,'娄底地区',1851,429,430),(1924,'郴州地区',1851,431,432),(1936,'永州市',1851,433,434),(1948,'怀化地区',1851,435,436),(1961,'土家族苗族自治州',1851,437,438),(1970,'广东',1,440,483),(1971,'广州市',1970,441,442),(1977,'韶关市',1970,443,444),(1987,'深圳市',1970,445,446),(1988,'珠海市',1970,447,448),(1991,'汕头市',1970,449,450),(1996,'佛山市',1970,451,452),(2002,'江门市',1970,453,454),(2009,'湛江市',1970,455,456),(2016,'茂名市',1970,457,458),(2022,'肇庆市',1970,459,460),(2030,'云浮市',1970,461,462),(2034,'惠州市',1970,463,464),(2040,'梅州市',1970,465,466),(2049,'汕尾市',1970,467,468),(2054,'河源市',1970,469,470),(2061,'阳江市',1970,471,472),(2066,'清远市',1970,473,474),(2075,'东莞市',1970,475,476),(2076,'中山市',1970,477,478),(2077,'潮州市',1970,479,480),(2081,'揭阳市',1970,481,482),(2087,'广西',1,484,513),(2088,'南宁市',2087,485,486),(2092,'柳州市',2087,487,488),(2096,'桂林市',2087,489,490),(2100,'梧州市',2087,491,492),(2103,'北海市',2087,493,494),(2106,'防城港市',2087,495,496),(2109,'南宁地区',2087,497,498),(2122,'柳州地区',2087,499,500),(2133,'桂林地区',2087,501,502),(2144,'梧州地区',2087,503,504),(2152,'玉林地区',2087,505,506),(2161,'百色地区',2087,507,508),(2174,'河池地区',2087,509,510),(2186,'钦州地区',2087,511,512),(2190,'海南',1,514,551),(2191,'海口市',2190,515,516),(2192,'三亚市',2190,517,518),(2213,'四川',1,552,601),(2214,'成都市',2213,553,554),(2242,'自贡市',2213,555,556),(2246,'攀枝花市',2213,557,558),(2250,'泸州市',2213,559,560),(2257,'德阳市',2213,561,562),(2263,'绵阳市',2213,563,564),(2272,'广元市',2213,565,566),(2278,'遂宁市',2213,567,568),(2282,'内江市',2213,569,570),(2291,'乐山市',2213,571,572),(2306,'万县市',2213,573,574),(2316,'南充市',2213,575,576),(2324,'涪陵地区',2213,577,578),(2330,'宜宾地区',2213,579,580),(2341,'达州市',2213,581,582),(2349,'雅安地区',2213,583,584),(2358,'阿坝藏族羌族自治州',2213,585,586),(2372,'甘孜藏族自治州',2213,587,588),(2391,'凉山彝族自治州',2213,589,590),(2409,'黔江地区',2213,591,592),(2415,'广安地区',2213,593,594),(2421,'巴中地区',2213,595,596),(2426,'贵州',1,602,625),(2427,'贵阳市',2426,603,604),(2428,'六盘水市',2426,605,606),(2431,'遵义地区',2426,607,608),(2445,'铜仁地区',2426,609,610),(2456,'南布依族苗族自治州',2426,611,612),(2465,'毕节地区',2426,613,614),(2474,'安顺地区',2426,615,616),(2485,'黔东南苗族侗族自治州',2426,617,618),(2502,'布依族苗族自治州',2426,619,620),(2515,'云南',1,626,661),(2516,'昆明市',2515,627,628),(2526,'东川市',2515,629,630),(2527,'昭通地区',2515,631,632),(2539,'曲靖地区',2515,633,634),(2549,'楚雄彝族自治州',2515,635,636),(2560,'玉溪地区',2515,637,638),(2570,'红河哈尼族彝族自治州',2515,639,640),(2584,'文山壮族苗族自治州',2515,641,642),(2593,'思茅地区',2515,643,644),(2604,'西双版纳傣族自治州',2515,645,646),(2608,'大理白族自治州',2515,647,648),(2621,'保山地区',2515,649,650),(2627,'德宏傣族景颇族自治州',2515,651,652),(2634,'丽江地区',2515,653,654),(2639,'怒江傈僳族自治州',2515,655,656),(2644,'迪庆藏族自治州',2515,657,658),(2648,'临沧地区',2515,659,660),(2657,'西藏',1,662,677),(2658,'拉萨市',2657,663,664),(2667,'昌都地区',2657,665,666),(2683,'山南地区',2657,667,668),(2696,'日喀则地区',2657,669,670),(2715,'那曲地区',2657,671,672),(2726,'阿里地区',2657,673,674),(2735,'林芝地区',2657,675,676),(2743,'陕西',1,678,699),(2744,'西安市',2743,679,680),(2752,'铜川市',2743,681,682),(2756,'宝鸡市',2743,683,684),(2768,'咸阳市',2743,685,686),(2781,'渭南地区',2743,687,688),(2793,'汉中地区',2743,689,690),(2805,'安康地区',2743,691,692),(2816,'商洛地区',2743,693,694),(2824,'延安地区',2743,695,696),(2838,'榆林地区',2743,697,698),(2851,'甘肃',1,700,729),(2852,'兰州市',2851,701,702),(2857,'嘉峪关市',2851,703,704),(2858,'金昌市',2851,705,706),(2861,'白银市',2851,707,708),(2866,'天水市',2851,709,710),(2873,'酒泉地区',2851,711,712),(2881,'张掖地区',2851,713,714),(2888,'武威地区',2851,715,716),(2893,'定西地区',2851,717,718),(2901,'陇南地区',2851,719,720),(2911,'平凉地区',2851,721,722),(2919,'庆阳地区',2851,723,724),(2928,'临夏回族自治州',2851,725,726),(2937,'甘南藏族自治州',2851,727,728),(2945,'青海',1,730,747),(2946,'西宁市',2945,731,732),(2949,'海东地区',2945,733,734),(2958,'海北藏族自治州',2945,735,736),(2963,'黄南藏族自治州',2945,737,738),(2968,'海南藏族自治州',2945,739,740),(2974,'果洛藏族自治州',2945,741,742),(2981,'玉树藏族自治州',2945,743,744),(2988,'海西蒙古族藏族自治州',2945,745,746),(2994,'宁夏',1,748,757),(2995,'银川市',2994,749,750),(2999,'石嘴山市',2994,751,752),(3004,'吴忠市',2994,753,754),(3012,'固原市',2994,755,756),(3019,'新疆',1,758,791),(3020,'乌鲁木齐市',3019,759,760),(3023,'克拉玛依市',3019,761,762),(3024,'吐鲁番地区',3019,763,764),(3028,'哈密地区',3019,765,766),(3032,'昌吉回族自治州',3019,767,768),(3041,'博尔塔拉蒙古自治州',3019,769,770),(3045,'巴音郭楞蒙古自治州',3019,771,772),(3055,'阿克苏地区',3019,773,774),(3065,'克孜勒苏柯尔克孜自治州',3019,775,776),(3070,'喀什地区',3019,777,778),(3083,'和田地区',3019,779,780),(3094,'伊犁哈萨克自治州',3019,781,782),(3120,'石河子',3019,783,784),(3124,'白山市',860,133,134),(3133,'亳州市',1208,253,254),(3177,'图木舒克市',3019,785,786),(3178,'五家渠市',3019,787,788),(3179,'阿拉尔市',3019,789,790),(3231,'黔南布依族苗族自治州',2426,621,622),(3244,'黔西南布依族苗族自治州',2426,623,624),(3254,'眉山市',2213,597,598),(3268,'重庆',1,792,795),(3269,'重庆市',3268,793,794),(3305,'白沙黎族自治县',2190,519,520),(3306,'保亭黎族苗族自治县',2190,521,522),(3307,'昌江黎族自治县',2190,523,524),(3308,'澄迈县',2190,525,526),(3309,'定安县',2190,527,528),(3310,'东方市',2190,529,530),(3311,'乐东黎族自治县',2190,531,532),(3312,'临高县',2190,533,534),(3313,'陵水黎族自治县',2190,535,536),(3314,'琼海市',2190,537,538),(3315,'琼中黎族苗族自治县',2190,539,540),(3316,'屯昌县',2190,541,542),(3317,'万宁市',2190,543,544),(3318,'文昌市',2190,545,546),(3319,'五指山市',2190,547,548),(3320,'儋州市',2190,549,550),(3386,'资阳市',2213,599,600);
/*!40000 ALTER TABLE `com_area` ENABLE KEYS */;
UNLOCK TABLES;

--
-- Table structure for table `com_author`
--

DROP TABLE IF EXISTS `com_author`;
SET @saved_cs_client     = @@character_set_client;
SET character_set_client = utf8;
CREATE TABLE `com_author` (
  `ID` int(11) unsigned NOT NULL auto_increment COMMENT '作者',
  `CATEGORY_ID` int(10) unsigned default NULL COMMENT '学科',
  `ICON_PATH` varchar(200) default NULL COMMENT '头像',
  `SN` varchar(20) default NULL COMMENT '代码',
  `USER_ID` int(10) unsigned default NULL COMMENT '用户ID （登录账号）',
  `NAME` varchar(50) default NULL COMMENT '姓名',
  `REGION` enum('CN','TW') default NULL COMMENT '地区',
  `KEYWORDS` varchar(200) default NULL COMMENT '关键词',
  `SUMMARY` text COMMENT '研究领域',
  `DESCRIPTION` text COMMENT '说明',
  `PDF_PATH` varchar(200) default NULL COMMENT 'PDF简介',
  PRIMARY KEY  (`ID`)
) ENGINE=MyISAM AUTO_INCREMENT=6 DEFAULT CHARSET=utf8;
SET character_set_client = @saved_cs_client;

--
-- Dumping data for table `com_author`
--

LOCK TABLES `com_author` WRITE;
/*!40000 ALTER TABLE `com_author` DISABLE KEYS */;
INSERT INTO `com_author` VALUES (1,19,NULL,'zhanghuihua',NULL,'张慧华','CN',NULL,'研究领域','说明',NULL),(2,35,NULL,'T00001',NULL,'月旦釋讀文摘編輯部','TW',NULL,'法學綜合','＜經典文獻＞\r\n＜裁判簡析＞\r\n＜案例研習＞\r\n＜修法動態＞\r\n＜實務選錄＞\r\n',NULL),(4,22,NULL,'A123265206',NULL,'黃宇宏','CN',NULL,'凱因斯學派','馬克思社會主義',NULL),(5,39,NULL,'A123456789',NULL,'陳聰富','TW',NULL,'因果关系与损害赔偿','陳聰富教授於1987年畢業於臺灣大學法律系（第一名），同年通過律師（第一名）及司法官（第二名）考試，並於1990年獲得臺灣大學法學碩士學位。執業律師二年後，於1994年在美國哈佛大學獲得碩士學位，並於1997年獲得美國紐約大學法學博士學位。\r\n\r\n　　陳教授擅長於民法及醫療法，曾出版「民法概要」、「因果關係與損害賠償」、「侵權歸責原則與損害賠償」及「侵權違法性與損害賠償」、「醫療責任現代課題」等專書，並著有契約法、侵權行為法及醫療法相關文章數十篇，其中三本論文著作分別獲得台灣大學傑出專書著作獎。陳教授多次獲得臺灣大學教學優良獎（2001年、2003年、2010年、2011年及2012年），於2004年獲得教學傑出獎，並於2007年獲得臺灣大學第一屆優良導師獎。陳教授曾於美國夏威夷大學法學院、威斯康辛大學法學院、日本早稻田大學、中國人民大學法學院及中國清華大學法學院等校講學，現為台灣民法基金會董事及台灣法學會常務理事。陳教授在本院開設民法總則、民法債編總論、民法債編各論、醫療法、英美侵權行為法及比較契約法等課程。\r\n',NULL);
/*!40000 ALTER TABLE `com_author` ENABLE KEYS */;
UNLOCK TABLES;

--
-- Table structure for table `com_authorizer`
--

DROP TABLE IF EXISTS `com_authorizer`;
SET @saved_cs_client     = @@character_set_client;
SET character_set_client = utf8;
CREATE TABLE `com_authorizer` (
  `ID` int(11) NOT NULL auto_increment COMMENT '第三方授权人',
  `NAME` varchar(50) default NULL COMMENT '名称',
  `REGION` enum('CN','TW') default NULL COMMENT '区域',
  `SUMMARY` text COMMENT '摘要',
  `DESCRIPTION` text COMMENT '说明',
  PRIMARY KEY  (`ID`)
) ENGINE=MyISAM AUTO_INCREMENT=2 DEFAULT CHARSET=utf8;
SET character_set_client = @saved_cs_client;

--
-- Dumping data for table `com_authorizer`
--

LOCK TABLES `com_authorizer` WRITE;
/*!40000 ALTER TABLE `com_authorizer` DISABLE KEYS */;
INSERT INTO `com_authorizer` VALUES (1,'张慧华','CN','第三方授权人','第三方授权人管理');
/*!40000 ALTER TABLE `com_authorizer` ENABLE KEYS */;
UNLOCK TABLES;

--
-- Table structure for table `com_category`
--

DROP TABLE IF EXISTS `com_category`;
SET @saved_cs_client     = @@character_set_client;
SET character_set_client = utf8;
CREATE TABLE `com_category` (
  `ID` int(11) NOT NULL auto_increment COMMENT '中图法',
  `SN` varchar(16) default NULL,
  `NAME` varchar(50) default NULL,
  `PID` int(11) default NULL,
  `LFT` int(10) unsigned default NULL,
  `RGT` int(10) unsigned default NULL,
  PRIMARY KEY  (`ID`)
) ENGINE=MyISAM AUTO_INCREMENT=94 DEFAULT CHARSET=utf8;
SET character_set_client = @saved_cs_client;

--
-- Dumping data for table `com_category`
--

LOCK TABLES `com_category` WRITE;
/*!40000 ALTER TABLE `com_category` DISABLE KEYS */;
INSERT INTO `com_category` VALUES (1,'ALL','学科分类',NULL,1,186),(2,'02','经济学',1,2,41),(3,'03','法学',1,42,105),(4,'04','教育学',1,106,147),(5,'12','管理学',1,148,185),(6,'0201','理论经济学',2,3,16),(7,'0202','应用经济学',2,17,38),(8,'0301','法学',3,43,64),(9,'0302','政治学',3,65,82),(10,'0303','社会学',3,83,92),(11,'0304','民族学',3,93,104),(12,'0401','教育学',4,107,128),(13,'0402','心理学',4,129,136),(14,'0403','体育学',4,137,146),(15,'1202','工商管理',5,149,158),(16,'1203','农林经济管理',5,159,164),(17,'1204','公共管理',5,165,176),(18,'1205','图书馆、情报与档案管理',5,177,184),(19,'020101','政治经济学',6,4,5),(20,'020102','经济思想史',6,6,7),(21,'020103','经济史',6,8,9),(22,'020104','西方经济学',6,10,11),(23,'020105','世界经济学',6,12,13),(24,'020106','人口、资源与环境经济学',6,14,15),(25,'020201','国民经济学',7,18,19),(26,'020202','区域经济学',7,20,21),(27,'020203','财政学',7,22,23),(28,'020204','金融学',7,24,25),(29,'020205','产业经济学',7,26,27),(30,'020206','国际贸易学',7,28,29),(31,'020207','劳动经济学',7,30,31),(32,'020208','统计学',7,32,33),(33,'020209','数量经济学',7,34,35),(34,'020210','国防经济',7,36,37),(35,'030101','法学理论',8,44,45),(36,'030102','法律史',8,46,47),(37,'030103','宪法学与行政法学',8,48,49),(38,'030104','刑法学',8,50,51),(39,'030105','民商法学',8,52,53),(40,'030106','诉讼法学',8,54,55),(41,'030107','经济法学',8,56,57),(42,'030108','环境与资源保护法学',8,58,59),(43,'030109','国际法学',8,60,61),(44,'030110','军事法学',8,62,63),(45,'030201','政治学理论',9,66,67),(46,'030202','中外政治制度',9,68,69),(47,'030203','科学社会主义与国际共产主义运动',9,70,71),(48,'030204','中共党史',9,72,73),(49,'030205','马克思主义理论与思想政治教育',9,74,75),(50,'030206','国际政治',9,76,77),(51,'030207','国际关系',9,78,79),(52,'030208','外交学',9,80,81),(53,'030301','社会学',10,84,85),(54,'030302','人口学',10,86,87),(55,'030303','人类学',10,88,89),(56,'030304','民俗学',10,90,91),(57,'030401','民族学',11,94,95),(58,'030402','马克思主义民族理论与政策',11,96,97),(59,'030403','中国少数民族经济',11,98,99),(60,'030404','中国少数民族史',11,100,101),(61,'030405','中国少数民族艺术',11,102,103),(62,'040101','教育学原理',12,108,109),(63,'040102','课程与教学论',12,110,111),(64,'040103','教育史',12,112,113),(65,'040104','比较教育学',12,114,115),(66,'040105','学前教育学',12,116,117),(67,'040106','高等教育学',12,118,119),(68,'040107','成人教育学',12,120,121),(69,'040108','职业技术教育学',12,122,123),(70,'040109','特殊教育学',12,124,125),(71,'040110','教育技术学',12,126,127),(72,'040201','基础心理学',13,130,131),(73,'040202','发展与教育心理学',13,132,133),(74,'040203','应用心理学',13,134,135),(75,'040301','体育人文社会学',14,138,139),(76,'040302','运动人体科学',14,140,141),(77,'040303','体育教育训练学',14,142,143),(78,'040304','民族传统体育学',14,144,145),(79,'120201','会计学',15,150,151),(80,'120202','企业管理',15,152,153),(81,'120203','旅游管理',15,154,155),(82,'120204','技术经济及管理',15,156,157),(83,'120301','农业经济管理',16,160,161),(84,'120302','林业经济管理',16,162,163),(85,'120401','行政管理',17,166,167),(86,'120402','社会医学与卫生事业管理',17,168,169),(87,'120403','教育经济与管理',17,170,171),(88,'120404','社会保障',17,172,173),(89,'120405','土地资源管理',17,174,175),(90,'120501','图书馆学',18,178,179),(91,'120502','情报学',18,180,181),(92,'120503','档案学',18,182,183);
/*!40000 ALTER TABLE `com_category` ENABLE KEYS */;
UNLOCK TABLES;

--
-- Table structure for table `com_publishing`
--

DROP TABLE IF EXISTS `com_publishing`;
SET @saved_cs_client     = @@character_set_client;
SET character_set_client = utf8;
CREATE TABLE `com_publishing` (
  `ID` int(11) NOT NULL auto_increment COMMENT '出版社',
  `NAME` varchar(50) default NULL COMMENT '名称',
  `LOGO` varchar(200) default NULL COMMENT 'LOGO',
  `REGION` enum('CN','TW') default NULL COMMENT '区域',
  `AGENCY` enum('ACADEMIC_UNIT','GOVERNMENT_ORGAN','SCIENCE_ASSOCIATION','PRIVATE_PUBLISHING') default NULL COMMENT '出版机构',
  `WEIGHT` decimal(10,2) default NULL COMMENT '权重',
  `SUMMARY` text COMMENT '摘要',
  `DESCRIPTION` text COMMENT '说明',
  PRIMARY KEY  (`ID`)
) ENGINE=MyISAM AUTO_INCREMENT=7 DEFAULT CHARSET=utf8;
SET character_set_client = @saved_cs_client;

--
-- Dumping data for table `com_publishing`
--

LOCK TABLES `com_publishing` WRITE;
/*!40000 ALTER TABLE `com_publishing` DISABLE KEYS */;
INSERT INTO `com_publishing` VALUES (1,'台湾大学',NULL,'TW','ACADEMIC_UNIT','0.00','国立台湾大学，简称台大，前身为日据时期之台北帝国大学，是一所创立于台湾地区的全科性公立综合大学，亦为全台湾规模最大的研究型大学。','2008年被英国《泰晤士高等教育》评为全世界前200名的大学，位列第124名。2012年英国高等教育调查公司QS公布2012世界最佳大学排行榜，台湾大学排名第80，不仅创下这项调查进行9年来最佳成绩，也是台湾地区唯一晋身前一百名的大学。当地时间2013年4月10日英国泰晤士报高等教育专刊公布了2013年亚洲前100名最佳大学排行榜。据此榜单，台湾有17所大学入围百强。其中，台湾大学亚洲排名第14，是岛内排名最高的大学。['),(2,'元照出版公司',NULL,'TW','PRIVATE_PUBLISHING',NULL,'台灣法學出版第一品牌','■ 深耕法學專業出版\r\n\r\n元照出版公司成立於1998年，由一群以法學為志業，獻身正義實踐的法律人，基於理想與執著，開創華文法學專業出版之先河。以「元照」之名─自勉開創光明、期許經典問世，在胸懷抱負與雄心之際，更以經世傳家作為我們戮力經營的方向，成就元照出版不朽的宏偉基業。 \r\n\r\n■ 多元拓展法學版圖\r\n\r\n元照以專業法律出版為鵠志，藉由優良法學著作之出版，提升國人法學素養，並支持兩岸三地法律學界之發展。除了法學專業出版品的深耕之外，元照更與時俱進地建置【月旦法學知識庫】，將法學文獻與出版品數位化，運用網際網路將法學版圖拓展至全球各地，更能促進全球華人法學的互動與交流，提升法學研究文獻之國際能見度。 \r\n\r\n■ 嚴謹專業編輯團隊\r\n\r\n元照擁有傑出的編輯團隊，皆由專業編輯（皆為博、碩士、法學學士）掌握嚴謹的製作品質與效率。從出版前的市場調查、相關資訊的匯整，到書籍的編撰工作，是以嚴謹且周全的合作與互動進行串連。出版品從基礎的法典、實用的法學叢書，到最貼近時事脈動的【月旦法學系列雜誌】，以及經典的法律學術專論，全面涵蓋法律人的終身學習所需。 \r\n\r\n■ 專業行銷網路服務\r\n\r\n元照的行銷團隊不僅擁有豐富的顧客經營及活動經驗，更積極掌握與學術機構、政府機關以及實務界各領域的行銷資源。我們還具有完備的電子商務經驗，利用元照網路書店（www.angle.com.tw）進行全方位行銷推廣計劃，提供法律人多元的購書管道。此外，也參與國際書展、實務或校園書展的圖書展售、學術研討會的舉辦或協辦等，增加出版品推廣之廣度與深度。 \r\n\r\n■ 積極拓展宏觀視野\r\n\r\n元照積極與德、美、日、大陸等地進行策略聯盟，或著手版權交易，或共通議題的合著，或互相交換期刊欄目的寫作等合作。透過跨國學術交流，提供法學界更寬廣的資訊管道，建立更宏觀的視野，為兩岸三地培養擁有國際觀的新一代法律人，繼續往全球華人世界邁進。 \r\n \r\n \r\n \r\n　 \r\n整合法領域、經營全方位  \r\n■ 洞察未來法學思潮趨勢\r\n\r\n每月出刊的《月旦法學雜誌》企劃最新法學脈動的法律議題，與各專業法領域之先進學者，推出多元且精闢的權威論述。2008年7月，特將原《月旦法學雜誌》中「法學新論」單元，獨立創擘為《法學新論》期刊，提供法律人法學新知與學術發表平台。 \r\n\r\n■ 跨領域整合，分眾化閱讀\r\n\r\n元照與時俱進地從紙本出版到數位發行經營，提供多元分眾化的創新服務。《月旦法學教室》的創刊，也引導讀者從入門學習到進階研究的不同需求。在圖書出版方面，透過智財法律、金融法規、證券投顧、醫療法律、工程法律、科技法律等跨領域宏觀著作，提供專業實用的整合學習。 \r\n\r\n■ 建立兩岸法學交流平台\r\n\r\n2003年創刊兩岸發行的《月旦民商法雜誌》，2005年推出兩岸簡繁體版的《月旦財經法雜誌》，2006年與北京大學出版社合作創刊的《中德私法研究》，元照每年均推出新的合作計劃與交流新頁，開拓華文法學研究新視野，建構兩岸學術交流平台。同時，歷時十年 、結合132 位大陸法學名家所編纂的《元照英美法詞典》，也是兩岸法律學子、專家、實務人士等所推崇及實用的重要法典工具書。對於與學校及學者、學會、實務界各單位，進行法學研討及座談，更是元照秉持推廣法學教育與文化傳承的榮譽與使命。 \r\n\r\n■ 跨團體合作匯聚法學精粹\r\n\r\n元照與台灣大學合作英文法學期刊《National Taiwan University Law Review》、與政治大學合作《政大法學評論》、交通大學合作《科技法學評論》、中興大學合作《興大法學》、清華大學合作《Journal for Law and Policy in China》、《台灣科技法律與政策論叢》等多校共同合作重要期刊，為推廣高品質的學術文獻盡一分心力。與行政法學會、台灣法學會及各大學多校系所合作出版系列特色叢書，並長期與各學術機構及公司團體進行紙本及數位出版合作、各類型研討座談及論文發表等。透過學術界與實務界的合作案，橫向增加產品多元化，縱向重視提昇出版品質。 \r\n\r\n■ 善用創新科技建構法學知識庫\r\n\r\n元照以數年的積極努力經營，於2007年，建置完成全球華文法學知識數位檢索平台【月旦法學知識庫】，以完整收錄全球華文法學文獻為目標，包括文獻專論、期刊、詞典工具書、教學資源庫、法律分析庫、兩岸法學名家、精選實務判解庫、常用法規、課程影音館（研討實錄／進修講座）、博碩士論文庫、兩岸考試題庫等共11大子庫、近50萬筆法學全文資料，運用智慧型跨庫整合交叉比對查詢，實現整合法學資源、使用便利速捷，期許引領廣視野、更精進，共同迎向知識新世紀。  \r\n \r\n \r\n'),(3,'元照出版公司月旦釋讀文摘',NULL,'TW','PRIVATE_PUBLISHING',NULL,'台灣法律文摘','月刊'),(4,'北京元照教育科技有限公司',NULL,'CN','SCIENCE_ASSOCIATION',NULL,'元照集團駐京辦','100086北京海淀區北三環西路43號010-62117788'),(5,'元照出版有限公司月旦法學雜誌',NULL,'TW','PRIVATE_PUBLISHING',NULL,'台湾国科会法学期刊综合评比第一名','由重量级学者就最新法学议题、实务见解进行论证与评析，投稿文章皆经过学术审查机制，确保文章质量。'),(6,'北京大學岀板社',NULL,'CN','ACADEMIC_UNIT','0.00','主要介紹數字資源地概念與類型  並對檢索技術與功能及發展進行介紹  其中涉及上百家的400項產品','北京大学出版社的前身为1902年设立的京师大学堂译书局和编书处，译书局翻译“西学”教科书和其他图书，编书处编纂“中学”教科书，北京大学的出版活动从此开始。著名翻译家、思想家严复曾任译书局总办。1918年，北京大学成立出版部，出版大学教科书和其他图书，曾出版《北京大学日刊》、《国学季刊》等有广泛影响的刊物和中国社会主义青年团中央的机关刊物《先驱》，还出版了李大钊、张润之的《中国国际法论》,杨昌济的《西洋伦理学史》,黄节的《诗学》,钱玄同的《文学学音篇》,梁漱溟的《印度哲学概论》等一批著名学者编写的教材和学术专著。1952年，北京大学出版部撤消。从1953年起，北大出版部停止出版活动。从1902年至1952年，北京大学出版机构累计出版各种教材讲义和图书600余种。1979年，经国家出版事业管理局同意，教育部批准成立北京大学出版社，恢复了北京大学出版社建制。 \r\n　　在改革开放中获得新生的北京大学出版社，作为以人文社会科学为主的综合性大学出版社，坚持为教学科研服务、为人才培养服务，传播知识，积累文化，繁荣学术，服务社会的办社宗旨，坚持立足北大、面向全国、走向世界的开放办社模式，坚持“教材优先，学术为本，争创一流”的办社方针，取得了较好的社会效益和经济效益，成为国内有重要影响和良好声誉的大学出版社。1993年获中宣部、新闻出版署颁发的“全国优秀出版社”称号，1994年获国家教委颁发的“全国教材建设先进集体”称号，1995年获国家教委首批颁发的“全国先进高校出版社”称号。2009年获首批“全国百佳图书出版单位”。截至2009年底，北大社共获各种出版物奖项900余项，其中国家级30余项，省部级400余项。 \r\n　　北京大学出版社依靠北大雄厚的教学、科研力量，同时积极争取国内外专家学者的合作支持，出版了大量高水平、高质量、适应多层次需要的优秀高等教育教材，包括研究生层次系列教材，大学本科中较高层次的精品系列教材（有些学科包括案例教程），大学本科一般层次的普通高等教育精编系列教材，远程教育、成人本科层次的系列教材，专科、本科层次的自学考试教材，高职高专系列教材，社会培训教材。重点建设基础学科教材、填补学科空白的前沿教材、反映教学改革成果的教材、具有学科竞争力的系列教材。为了配合教学需要，北大出版社组织策划了与系列教材配套的习题集、教学参考资料和教学案例丛书，自学考试教材的自学辅导丛书等教学参考、辅助用书，努力构建立体化的教材、教学用书体系。有的系列如大学英语教材还积极开发了网络化系列教材。到目前为止，已出版100多个系列3000多种各类大中专教材。北大出版社有许多教材被列入国家级、部委级教材规划，其中，列入“十一五”国家级规划的教材有291种，居于高校出版社前列。截至2006年底，北大版教材共获各种奖项472项，其中国家级16项，省部级199项。博雅大学堂系列中国语言文学、历史、哲学、艺术教材，21世纪法学系列教材，21世纪经济与管理教材，新一代对外汉语教材，21世纪社会学教材，21世纪外国文学教材，北京大学数学教学丛书，北京大学物理学丛书，北京大学心理学丛书等系列教材已经形成一定规模、产生了较大影响。北大出版社注意对教材进行全面追踪，捕捉信息，及时修订，以跟上各学科的最新发展，反映该学科研究的最新成果，保持北大版教材的领先地位。 \r\n　　北大出版社强调学术创新，出版高水准、原创性、开拓性学术著作，不断推出高水平的基础学科和新兴前沿学科、边缘学科著作，同时注重文化积累，积极组织挖掘、整理、出版优秀传统文化典籍，北大版学术著作和优秀典籍成为重要的学术品牌。20世纪80年代、90年代陆续出版了《全宋诗》、《北京大学数学丛书》、《中国文化大观》系列、《文艺美学丛书》、《北京大学院士文库》、《学术史丛书》、《北大名家名著文丛》、《北京大学青年学者文库》、《潘光旦文集》、《胡适文集》等在海内外产生广泛影响的图书。进入新世纪，又相继出版了《人文社会科学是什么》、《名家通识讲座书系》、《十三经注疏》、《孙子兵学大典》等，形成新的学术品牌。“十一五”期间，北大出版社承担了大型文化典籍出版工程《儒藏》等17项国家重点图书出版规划项目，项目数量也居高校出版社前列。 \r\n　　北大出版社坚持“立足北大，面向全国，走向世界”的发展战略。从建社初期即开始同欧美出版社开展合作出版与版权贸易。近二十年来，我社全方位开展与海外出版社的合作，积极开拓国际图书市场。从1988年起，我社每年参加法兰克福国际图书博览会，积极参加国际上主要的有影响的书展。已同美国、英国、德国、法国、加拿大、俄罗斯、西班牙、意大利、日本、韩国、菲律宾、新加坡、泰国、马来西亚等十几个国家以及台湾、香港、澳门100多家出版社建立了业务往来。共向海外输出版权700多种，其中转让给美国数学学会出版社、德国斯普林格出版社、费佛格出版社的北大数学丛书中多种，出版后在国际上产生了很大的影响。成批的对外汉语教材版权转让到日本、韩国等地。大批大学文理科教材和学术著作转让到香港、台湾。输出版权数量长期居于全国出版社前列，是国家重点文化出口企业。引进各种版权超过2000种,与美、英、德多家出版社合作出版外文版学术著作。引进比尔•盖茨的《未来之路》中文简体版权，成为我国在版权贸易方面对外开放的典范,对发展我国的信息产业发展起到推动作用。我社在版权贸易工作中坚持“输出与引进并举”的工作思路，致力于版权引进和版权输出两方面的平衡发展，并积极探索国际出版合作的新思路。 \r\n　　经过三十年的建设、发展，北大出版社的编辑、出版、发行能力、管理水平和综合经济实力都有较大增强。目前，出版物已覆盖人文科学、社会科学、自然科学各领域，并正在向工程技术领域逐步拓展。现有产品中，教材占55%，学术著作占15%，一般图书占30%。图书重印率达到60%。在包括文史哲、法学、经济管理、学术普及、汉语教学等出版领域具有比较明显的优势和特色。 \r\n　　2009年底，北京大学出版社有在职员工300余人，其中大学本科学历以上人员占70%，中级以上职称人员占1/3。编辑部门设有经济管理、法律、文史哲、典籍与文化等四个事业部，理科、社科、汉语、外语、综合、职教与工科等编辑室和教育出版中心、基础教育与教师教育中心。生产经营和管理服务部门设有市场营销中心、出版部、储运部、社办公室、总编室、财务部、人力资源部、版权管理部、投资合作部、信息中心、美编室、质检与终审室、校对科、读者服务部、北大书店等。此外，还设有中南办事处，全资子公司培文教育文化有限公司、北京大学出版社南通双基教育出版发行中心，控股企业北京燕大元照教育科技有限公司、北京博雅光华教育科技有限公司、上海圣大燕园文化传播有限公司、北京世纪智源教育科技公司、江苏京通博雅教育有限公司等。 \r\n　　北京大学出版社的发展目标是，依托北京大学的学科优势和人才优势，广泛吸纳社会优质资源，建设成为综合型、学术型教育出版机构，成为中国乃至世界出版业重要的高等教育教科书和学术著作、文化工程出版基地，拥有较大的经营规模和较强的竞争能力，出版一批被广泛使用的经典教科书，和一批具有较强国际影响的学术研究著作，以及一批在文化传承和文化积累方面有标志性作用的文化出版工程，在北京大学创建世界一流大学的进程中，把北京大学出版社建成世界一流的出版社。 \r\n\r\n　　社长：王明舟\r\n党委书记：金娟萍\r\n　总编辑：张黎明\r\n\r\n出版社地址：北京海淀区成府路205号\r\n邮政编码：100871\r\n邮购电话:010-62752015\r\n办公室:010-62752033\r\n总编室:010-62752032\r\n出版社网址：www.pup.cn\r\n市场营销中心论坛：www.pupbook.com\r\n \r\n\r\n');
/*!40000 ALTER TABLE `com_publishing` ENABLE KEYS */;
UNLOCK TABLES;

--
-- Table structure for table `inf_news`
--

DROP TABLE IF EXISTS `inf_news`;
SET @saved_cs_client     = @@character_set_client;
SET character_set_client = utf8;
CREATE TABLE `inf_news` (
  `ID` int(10) unsigned NOT NULL auto_increment,
  `TYPE` enum('NEWS','NOTICE','ANNOUNCEMENT') NOT NULL,
  `STATUS` enum('PENDING','ACTIVE','DISABLED') NOT NULL,
  `TITLE` varchar(255) default NULL,
  `CONTENT` text,
  `AUTHOR` varchar(100) default NULL,
  `SOURCE` varchar(100) default NULL,
  `INSERT_DATE` datetime NOT NULL,
  `UPDATE_DATE` datetime NOT NULL,
  PRIMARY KEY  (`ID`),
  KEY `INSERT_DATE` (`INSERT_DATE`),
  KEY `UPDATE_DATE` (`UPDATE_DATE`)
) ENGINE=MyISAM AUTO_INCREMENT=3 DEFAULT CHARSET=utf8;
SET character_set_client = @saved_cs_client;

--
-- Dumping data for table `inf_news`
--

LOCK TABLES `inf_news` WRITE;
/*!40000 ALTER TABLE `inf_news` DISABLE KEYS */;
INSERT INTO `inf_news` VALUES (1,'NEWS','ACTIVE','测试1','#################### 张慧华<br />',NULL,NULL,'2013-07-13 08:46:51','2013-07-13 21:58:30'),(2,'NEWS','PENDING','阅读器问题','<table border=\"0\" cellspacing=\"3\" cellpadding=\"0\" width=\"98%\" bgcolor=\"#e6f0ff\" align=\"center\"><tbody><tr><td><span class=\"style75\"><strong><span style=\"color:#17385b;\"><a href=\"http://www.angle.com.tw\">点击打开链接</a>阅读器问题</span></strong></span></td></tr><tr><td><table border=\"0\" cellspacing=\"1\" cellpadding=\"3\" width=\"100%\" bgcolor=\"#ffffff\" align=\"center\"><tbody><tr><td class=\"style136\" valign=\"top\" width=\"100%\"><ol><li><a class=\"style38\" href=\"http://lawdata01.com.cn/QA.htm#a01\"><span style=\"color:#006699;\">安装了新版阅读器HyView后，可以移除SafeNet Foxit Reader吗？</span></a> <!--				\r\n				<li>我计算机从来都没有安装过Adobe Reader，那开启PDF类型档案，需要再安装Adobe Reader来开启吗？</li>--&gt;<li><a href=\"http://lawdata01.com.cn/QA.htm#a05\"><span class=\"style145\"><strong><span style=\"font-size:16px;color:#cc0000;\">为何下载储存文档后却无法开启？</span></strong></span></a> </li><li><a class=\"style67\" href=\"http://lawdata01.com.cn/QA.htm#a02\"><span style=\"color:#006699;\">如何将HyView阅读器设为文文件的预设开启程序？ </span></a></li><li><a class=\"style67\" href=\"http://lawdata01.com.cn/QA.htm#a03\"><span style=\"color:#006699;\">PDA、智能型手机(ex.IPhone)、MAC 计算机可否安装使用HyView阅读器？ </span></a></li><li><a class=\"style67\" href=\"http://lawdata01.com.cn/QA.htm#a04\"><span style=\"color:#006699;\">如何得知我计算机所安装的 HyView阅读器版本？</span></a> </li><li><a class=\"style67\" href=\"http://lawdata01.com.cn/QA.htm#a06\"><span style=\"color:#006699;\">如开启失败，如何录制DRM Log 并截图反应问题？</span></a> </li></ol></td></tr></tbody></table></td></tr></tbody></table>',NULL,NULL,'2013-07-21 21:13:03','2013-07-21 21:13:03');
/*!40000 ALTER TABLE `inf_news` ENABLE KEYS */;
UNLOCK TABLES;

--
-- Table structure for table `res_book`
--

DROP TABLE IF EXISTS `res_book`;
SET @saved_cs_client     = @@character_set_client;
SET character_set_client = utf8;
CREATE TABLE `res_book` (
  `ID` int(10) unsigned NOT NULL auto_increment COMMENT '书目',
  `CATEGORY_ID` int(10) unsigned default NULL,
  `SN` varchar(30) default NULL COMMENT '编号',
  `NAME_CN` varchar(100) default NULL COMMENT '中文名称',
  `NAME_EN` varchar(100) default NULL COMMENT '英文名称',
  `PUBLISHING_ID` int(10) unsigned default NULL COMMENT '出版社',
  `PUBLISH_DATE` date default NULL COMMENT '出版日期',
  `ICON_PATH` varchar(200) default NULL COMMENT '封面',
  `DESCRIPTION` text COMMENT '介绍',
  `INSERT_DATE` datetime NOT NULL COMMENT '创建时间',
  `UPDATE_DATE` datetime default NULL COMMENT '更新时间',
  PRIMARY KEY  (`ID`)
) ENGINE=InnoDB AUTO_INCREMENT=5 DEFAULT CHARSET=utf8;
SET character_set_client = @saved_cs_client;

--
-- Dumping data for table `res_book`
--

LOCK TABLES `res_book` WRITE;
/*!40000 ALTER TABLE `res_book` DISABLE KEYS */;
INSERT INTO `res_book` VALUES (1,2,'A00620010','元照文摘','test',2,'2013-07-17',NULL,'','2013-07-17 00:45:13','2013-11-03 15:07:21'),(2,2,'A00620010b','月旦釋讀文摘010','',2,'2012-12-01',NULL,NULL,'2013-07-17 01:00:48','2013-07-18 22:59:14'),(3,3,'1025-59311','月旦法學雜誌100','',5,'2003-08-15',NULL,NULL,'2013-07-19 10:17:10','2013-07-21 08:27:22'),(4,3,'978-7-301-22414-4','數字信息資源的檢索與利用','',6,'2013-03-01',NULL,NULL,'2013-07-21 11:38:22','2013-07-21 11:43:54');
/*!40000 ALTER TABLE `res_book` ENABLE KEYS */;
UNLOCK TABLES;

--
-- Table structure for table `res_chapter`
--

DROP TABLE IF EXISTS `res_chapter`;
SET @saved_cs_client     = @@character_set_client;
SET character_set_client = utf8;
CREATE TABLE `res_chapter` (
  `ID` int(10) unsigned NOT NULL auto_increment COMMENT '篇目章节',
  `RELATIVE_ID` int(10) unsigned default NULL COMMENT '书目/期刊-期ID',
  `RELATIVE_TYPE` varchar(30) default NULL COMMENT 'PDF篇类型',
  `CHAPTER_NO` varchar(20) default NULL COMMENT '篇号',
  `CATEGORY_ID1` int(10) unsigned default NULL COMMENT '三级学科1',
  `CATEGORY_ID2` int(10) unsigned default NULL COMMENT '三级学科2',
  `NAME_CN` varchar(100) default NULL COMMENT '中文篇名',
  `NAME_EN` varchar(100) default NULL COMMENT '英文篇名',
  `SUMMARY` text COMMENT '摘要',
  `PATH` varchar(255) default NULL COMMENT 'PDF路径',
  `KEYWORDS` varchar(200) default NULL COMMENT '关键词',
  `INIT_CONTENT` tinyint(1) NOT NULL default '0' COMMENT '是否已抓取PDF文字内容',
  `START_PAGE_NO` int(10) unsigned default NULL COMMENT '起始页',
  `PAGE_COUNT` int(11) unsigned default NULL COMMENT '总页数',
  `PUBLIC_COUNT` int(10) unsigned default NULL COMMENT '试读页数',
  `STATUS` enum('active','inactive','delete') default 'active' COMMENT '状态',
  `INSERT_DATE` datetime NOT NULL COMMENT '创建时间',
  `UPDATE_DATE` datetime default NULL COMMENT '更新时间',
  PRIMARY KEY  (`ID`),
  KEY `FK_res_chapter` (`RELATIVE_ID`)
) ENGINE=InnoDB AUTO_INCREMENT=53 DEFAULT CHARSET=utf8;
SET character_set_client = @saved_cs_client;

--
-- Dumping data for table `res_chapter`
--

LOCK TABLES `res_chapter` WRITE;
/*!40000 ALTER TABLE `res_chapter` DISABLE KEYS */;
INSERT INTO `res_chapter` VALUES (1,2,'journal_term','5',NULL,NULL,'葛克昌教授〈違憲限期失效法規與依法審判〉重要提示','','出處：月旦法學雜誌，185期，2010年10月，133-140頁\r\n重要概念索引：違憲審查制度／稅法違憲審查','/2013/07/1373986454859.pdf','違憲限期失效宣告效力、稅法違憲審查、釋憲聲請人之救濟程序',1,5,3,NULL,'active','2013-07-16 22:54:14','2013-07-22 09:57:43'),(2,2,'journal_term','8',NULL,NULL,'蕭文生教授〈行政處分明確性之要求——評最高行政法院九十四年度判字第二○一五號判決及最高行政法院九十八年度判字第一一三二號判決〉重要提示','','出處：月旦法學雜誌，184期，2010年9月，207-219頁\r\n重要概念索引：明確性原則／憲法第23條／行政程序法第5條','/2013/07/1373986642229.pdf','明確性、法律明確性、行政行為明確性',1,8,3,NULL,'active','2013-07-16 22:57:22','2013-07-22 09:57:43'),(3,2,'journal_term','11',NULL,NULL,'吳信華教授(大法官「違憲定期失效宣告」後法院案件審理的問題)重點提示','','出處：台灣法學雜誌，155期，2010年7月，91-97頁\r\n重要概念索引：行政訴訟／違憲定期失效宣告後效力','/2013/07/1373986775014.pdf','違憲定期失效宣告、行政訴訟、聲請客體、審查客體、中止訴訟程序',1,11,3,NULL,'active','2013-07-16 22:59:35','2013-07-22 09:57:43'),(4,2,'journal_term','14',NULL,NULL,'黃錦堂教授〈權力分立之憲法解釋——兼評釋字第五二○、五八五、六一三、六三三、六四五號解釋〉重要提示','','出處：法令月刊，61卷9期，2010年9月，4-25頁\r\n重要概念索引：憲法／權力分立／重要性／功能法／行政保留','/2013/07/1373986894385.pdf','行政保留、權力分立原則、核心領域理論、功能法觀點、重要性理論、釋字第五二○、五八五、六一三、六三三、六四五號、體系解釋、客觀規範目的解釋',1,14,3,NULL,'active','2013-07-16 23:01:34','2013-07-22 09:57:43'),(5,2,'journal_term','17',NULL,NULL,'陳聰富教授〈債權物權化之適用基礎——最高法院九十六年度台上字第三三四號民事判決評釋〉重要提示','','出處：法令月刊，61卷10期，2010年10月，26-36頁\r\n重要概念索引：權利行使／物權效力／債權相對性','/2013/07/1373987001929.pdf','債權物權化、權利濫用、誠信原則',1,17,3,NULL,'active','2013-07-16 23:03:21','2013-07-22 09:57:43'),(6,2,'journal_term','20',NULL,NULL,'吳從周教授〈不法行為不成立表見代理？最高法院九十八年度台上字第一九五九號判決〉重要提示','','出處：台灣法學雜誌，158期，2010年8月15日，159-164頁\r\n重要概念索引：授權代理與表見代理之法效力基礎','/2013/07/1373987166622.pdf','表見代理、權利外觀、不法行為、代理意思',1,20,3,NULL,'active','2013-07-16 23:06:06','2013-07-22 09:57:43'),(7,2,'journal_term','23',NULL,NULL,'許士宦教授〈訴主觀預備合併之法律構造——民事訴訟法修正後審判實務上訴主觀合併型態之重構（一）〉重要提示','','出處：台灣法學雜誌，159期，2010年9月，35-50頁\r\n重要概念索引：主觀預備合併承認說／不承認說各自之論據及妥當性','/2013/07/1373987866616.pdf','主觀預備合併、裁判矛盾、程序安定性原則、程序利益保護原則、公益層面訴訟經濟、統一解決紛爭、擴大訴訟制度解決紛爭之機能、程序選擇權、程序處分權',1,23,3,NULL,'active','2013-07-16 23:17:46','2013-07-22 09:57:43'),(8,2,'journal_term','26',NULL,NULL,'黃國昌教授〈參加利益與判決效力——簡評最高法院九八年度台上字第一三七二號判決〉重要提示','','出處：台灣法學雜誌，157期，2010年8月，97-108頁\r\n重要概念索引：第三人參加利益之判定','/2013/07/1373987955460.pdf','參加利益、法律上利害關係、判決理由中判斷、爭點效',1,26,4,NULL,'active','2013-07-16 23:19:15','2013-07-22 09:57:43'),(9,2,'journal_term','30',NULL,NULL,'林國全教授〈重整關係人會議得否採通訊投票方式行使表決權〉重要提示','','出處：台灣法學雜誌，157期，2010年8月1日，41-45頁\r\n重要概念索引：通訊投票／定足數與表決權數','/2013/07/1373988059258.pdf','重整程序、關係人會議、書面投票、通訊投票、定足數、表決權數、親自出席',1,30,2,NULL,'active','2013-07-16 23:20:59','2013-07-22 09:57:43'),(10,2,'journal_term','32',NULL,NULL,'曾宛如教授〈董事忠實義務於台灣實務上之實踐——相關判決之觀察〉重要提示','','出處：月旦民商法雜誌，29期，2010年9月，145-156頁\r\n重要概念索引：忠實義務的內涵／自我交易和忠誠義務關係／忠實義務終點','/2013/07/1373988194772.pdf','忠實義務、注意義務、忠誠義務、業務執行機關、董事會、侵權行為、商業判斷法則、自我交易、資訊揭露、忠實義務終止時點、競業禁止、後契約義務。',1,32,3,NULL,'active','2013-07-16 23:23:14','2013-07-22 09:57:43'),(11,2,'journal_term','35',NULL,NULL,'陳榮傳教授〈涉外假結婚的事實認定及法律適用〉重要提示','','出處：月旦法學雜誌，182期，2010年7月，287-299頁\r\n重要概念索引：定性／附隨問題理論／程序依法庭地法原則／準據法之適用方法','/2013/07/1373988301991.pdf','假結婚、附隨問題理論、婚姻無效、婚姻不成立、婚姻得撤銷、併行適用',1,35,3,NULL,'active','2013-07-16 23:25:01','2013-07-22 09:57:43'),(12,2,'journal_term','38',NULL,NULL,'王皇玉教授〈刑法上死亡之認定——評最高法院九十五年度台上字第一六九二號判決〉重要提示','','出處：月旦法學雜誌，185期，2010年10月，257-269頁\r\n重要概念索引：生命法益保護之始點及終點','/2013/07/1373988406493.pdf','腦死、心肺死、三徵候說、死亡認定',1,38,3,NULL,'active','2013-07-16 23:26:46','2013-07-22 09:57:43'),(13,2,'journal_term','41',NULL,NULL,'陳運財教授〈論冤獄賠償制度之改革——兼評大法官釋字六七○號解釋〉重要提示','','出處：法令月刊，61卷6期，2010年6月，43-63頁\r\n重要概念索引：刑事補償制度','/2013/07/1373988506783.pdf','冤獄賠償、刑事補償、特別犧牲、風險責任、灰色無罪、無罪推定',1,41,4,NULL,'active','2013-07-16 23:28:26','2013-07-22 09:57:43'),(14,2,'journal_term','45',NULL,NULL,'吳巡龍教授〈同意傳聞作為證據後再爭執〉重要提示','','出處：台灣法學雜誌，161期，2010年10月，191-193頁\r\n重要概念索引：傳聞證據能力','/2013/07/1373988664291.pdf','傳聞證據、證據能力、當事人同意、撤回\r\n同意、兩造對抗制度、告知義務',1,45,3,NULL,'active','2013-07-16 23:31:04','2013-07-22 09:57:43'),(15,2,'journal_term','48',NULL,NULL,'行政訴訟法部分條文修正草案','','公告日期：2010年9月28日司法院公告\r\n重要概念索引：憲法／行政法\r\n行政訴訟自二○○○年七月一日起，採二級二審制度。但掌理第一審之高等行政法院僅有台北、台中、高雄三所，對當事人並不便利，且為使過去由普通法院審理之公法事件回歸行政爭訟，故將行政訴訟調整為三級二審制。於各地方法院設置行政訴訟庭，除將行政訴訟簡易訴訟程序事件之第一審及相關保全證據事件、送達及強制執行事件，改由地方法院行政訴訟庭受理、適用通常訴訟程序以高等行政法院為第一審管轄法院外，並將現行由普通法院審理之違反道路交通管理處罰條例裁決救濟事件，改依行政訴訟程序審理。另外就行政法院受理事件，對於適用法律確信有牴觸憲法之疑義時，得聲請司法院大法官解釋，並裁定停止訴訟程序。','/2013/07/1373988898513.pdf','行政訴訟法、地方法院設置行政訴訟庭、公法事件回歸行政審判\r\n',1,48,21,NULL,'active','2013-07-16 23:34:58','2013-07-22 09:57:43'),(16,2,'journal_term','69',NULL,NULL,'公法類','','釋字第六八一號\r\n【主旨】 撤銷假釋處分與司法二元主義\r\n【重要概念索引】 行政訴訟法／行政裁判權／司法二元主義','/2013/07/1373989044473.pdf','行政訴訟、刑事訴訟、撤銷假釋處分、廣義的司法行政處分、司法二元主義',1,69,6,NULL,'active','2013-07-16 23:37:24','2013-07-22 09:57:43'),(17,2,'journal_term','75',NULL,NULL,'民事法類','','最高法院九十九年台上字第一七六九號\r\n【主旨】 權利濫用禁止原則及突襲性裁判禁止原則\r\n【重要概念索引】 權利濫用原則／突襲性裁判','/2013/07/1373989149874.pdf','反訴、權利濫用原則、利益衡量、維護正當權益、法律適用之突襲、闡明權',1,75,10,NULL,'active','2013-07-16 23:39:09','2013-07-22 09:57:43'),(18,2,'journal_term','85',NULL,NULL,'刑法類','','最高法院九十九年度第七次刑事庭會議決議\r\n【主旨】 未成年性侵害被害人之意願\r\n【重要概念索引】 妨害性自主','/2013/07/1373989258575.pdf','違反意願、意思能力、無行為能力人',1,85,11,NULL,'active','2013-07-16 23:40:58','2013-07-22 09:57:43'),(19,3,'journal_term','5',NULL,NULL,'蘇永欽教授〈民事財產規範的違憲審查——第六七一號解釋的審查方法〉重要提示','','出處：法令月刊，61卷6期，2010年6月，4-22頁\r\n重要概念索引：憲法／違憲審查制度\r\n爭 點\r\n一、水平關係的基本權問題。\r\n二、次級規範之違憲審查。\r\n三、財產權保障的多重面貌。\r\n四、大法官對於財產權解釋的爭議。\r\n五、對於釋字第六七一號解釋「抵押權分別轉載於各分割後單獨所有物上的情形，僅以衍生困難為由，於抵押權實行時，一律強制回復分割前的狀態」的質疑。\r\n六、新法體制下，不動產經裁判分割後，原應有部分抵押權應如何實行。','/2013/07/1373990276340.pdf','司法違憲審查制度、財產權保障、抵押權',1,5,3,NULL,'active','2013-07-16 23:57:56','2013-07-22 09:57:43'),(20,3,'journal_term','8',NULL,NULL,'李惠宗教授〈從法學方法論談中科事件「停工，不停產」的弔詭〉重要提示','','出處：台灣法學雜誌，161期，2010年10月1日，1-16頁\r\n重要概念索引：行政法／第三人效力處分／行政倫理／信賴保護\r\n爭 點\r\n一、本案原環保署完成的「環評結論」所附之條件「『營運前』應提健康風險評估」，其中「營運前」應作何解釋？\r\n二、環境影響評估法第十四條規定所謂「未經完成審查或評估書未經認可前」，是否包括「雖已完成審查，但事後被撤銷的情形」？\r\n三、原環評結論被撤銷後，據以許可之「開發」如已失其效力，行政機關是否有「裁量權限」，於二年屆至前，始決定廢棄許可或下令停工？\r\n四、「法院判決不及於訴訟外之第三人」的規定，是否得以導出「停工，不停產」的結論？\r\n五、當上級長官的指示與法律客觀意旨不符時，公務人員應服從上級長官的政策指示，或是基於依法行政遵循法律之客觀意旨？\r\n六、「廠商的信賴與公益衡量」應如何進行？','/2013/07/1373990436249.pdf','第三人效力行政處分、依法行政、行政處\r\n分之撤銷、訴訟參加、信賴保護原則',1,8,4,NULL,'active','2013-07-17 00:00:36','2013-07-22 09:57:43'),(21,3,'journal_term','12',NULL,NULL,'張文郁教授〈交通號誌、標誌、標線之性質及其救濟〉重要提示','','出處：台灣法學雜誌，157期，2010年8月1日，109-194頁\r\n重要概念索引：行政法／行政處分與法規命令之區別\r\n爭 點\r\n一、交通號誌、標誌、標線之分類及性質。\r\n二、對受規範者生效時點。\r\n三、受規範者可採取之救濟程序。','/2013/07/1373990595693.pdf','交通號誌、標誌、標線之性質、行政處分救濟程序、法規命令及行政處分區別',1,12,3,NULL,'active','2013-07-17 00:03:15','2013-07-22 09:57:43'),(22,3,'journal_term','15',NULL,NULL,'李建良教授〈中科三期開發案停止執行之強制執行——兼評臺北高等行政法院九九年度執字第五七號裁定〉重要提示','','出處：台灣法學雜誌，161期，2010年10月1日，37-52頁\r\n重要概念索引：行政法／行政訴訟法／行政執行／停止執行\r\n爭 點\r\n行政法院作成停止執行之裁定後，該裁定強制執行法律依據、執行程序及執行方法為何？','/2013/07/1373990723943.pdf','行政法、強制執行、執行程序、執行方法、停止執行、暫時權利保護、環境影響評估、中科三期、形成裁判之效力及法律依據',1,15,4,NULL,'active','2013-07-17 00:05:23','2013-07-22 09:57:43'),(23,1,'book','1',NULL,NULL,'電子書兩岸授權契約範本與注意事項手冊','','銷售電子書的第一步，出版者一定要懂！本手冊幫助您：\r\n• 培養正確的數位授權觀念\r\n• 看懂電子書授權契約眉角\r\n• 順利推展電子書商業模式','/2013/07/1373993767476.pdf','電子書，電腦，手機、光碟、電子閱讀器、電子紙張',1,1,156,NULL,'active','2013-07-17 00:56:07','2013-07-22 09:57:43'),(24,2,'book','5',NULL,NULL,'蕭文生教授〈政府體制的憲法解釋〉重要提示','','出處：台灣法學雜誌，128期，2009年5月15日，143-153頁\r\n重要概念索引：憲法／憲法原理原則','/2013/07/1373994186624.pdf','民主國原則、法治國原則、國民主權原則、國家組織',1,5,6,NULL,'active','2013-07-17 01:03:06','2013-07-22 09:57:43'),(25,2,'book','11',NULL,NULL,'蔡震榮教授〈自外籍配偶家庭基本權之保障論驅逐出國處分——評臺北高等行政法院九十五年度訴字第二五八一號判決〉重要提示','','出處：法令月刊，60卷8期，2009年8月1日，21-37頁\r\n重要概念索引：憲法／憲法第22條未列舉基本權\r\n爭 點\r\n一、家庭基本權是否屬於憲法第二二條保障範圍。\r\n二、家庭基本權的核心。\r\n三、驅逐出境之正當法律程序。','/2013/07/1373994363875.pdf','驅逐出國、家庭基本權、婚姻、正當法律程序',1,11,7,NULL,'active','2013-07-17 01:06:03','2013-07-22 09:57:43'),(26,1,'book','2',NULL,NULL,'月旦法學知識庫使用規範','','一、 合理使用範圍\r\n1.瀏覽、檢索、列印、儲存檢索的結果。\r\n2.非連續性、非系統性單篇下載、列印、儲存電子全文。\r\n3.使用電子全文做個人學術、研究、教學之用，並註明引用來源。\r\n4.依規定，將電子全文的URL張貼在課程網站上，以供有效使用者連線使用。','/2013/07/1373994902563.pdf','月旦法學知識庫 合理使用',1,157,2,NULL,'active','2013-07-17 01:15:02','2013-07-22 09:57:43'),(27,1,'book','3',NULL,NULL,'20130416月旦知識庫評估報告cn','','收录的重点是以五大学科：法学、教育、经济、公管、医卫的重要作者，发表在期刊、图书、教学资源、题库讲座、博硕论文的文献为收录的核心，配合科研、教学、学习、实务的目的建构题库讲座、词典工具书、两岸常用法规、精选裁判等资料样态。并以重要期刊、图书的全刊收录为辅。','/2013/07/1373995129104.pdf','法学、教育、经济、公管、医卫、期刊、图书、教学资源、题库讲座、博硕论文',1,159,5,NULL,'active','2013-07-17 01:18:49','2013-07-22 09:57:43'),(28,1,'book','4',NULL,NULL,'台湾法律资料检索导引','','許耀明\r\n政治大學法律系副教授\r\n台灣相關法律資料之檢索，經過十數年之努力，目前幾乎已經全面電子化。以下茲分類舉出\r\n重要之相關法律資源網頁或電子資料庫，以為參考。需先說明者是，因為電子化相關更新快速，\r\n網址可能會有異動，因此以下並不列出相關網址，建議可以以中文名稱以搜尋引擎查詢即可。','/2013/07/1373995286922.pdf','期刊論文 書籍 法規',1,164,2,NULL,'active','2013-07-17 01:21:26','2013-07-22 09:57:43'),(29,3,'book','1',NULL,NULL,'新世紀法學展望','','台湾国科会法学期刊综合评比第一名,由重量级学者就最新法学议题、实务见解进行论证与评析，投稿文章皆经过学术审查机制，确保文章质量。','/2013/07/1374201292909.pdf','台灣法學 核心期刊 ',1,24,184,NULL,'active','2013-07-19 10:34:52','2013-07-22 09:57:43'),(30,1,'teaching','1',39,40,'醫療法總論 ','','簡報型講義','/2013/07/1374410990523.pdf','損害賠償 醫療事故',1,1,30,NULL,'active','2013-07-21 20:49:50','2013-07-22 09:57:43'),(31,1,'thesis','1029',39,0,'醫療機構之民事責任 ','','論文題目(中)  醫療機構之民事責任  \r\n研究生  林幸怡  \r\n指導教授  陳聰富  \r\n學位別  碩士  \r\n校院名稱  臺灣大學  \r\n系所名稱  法律學研究所  \r\n畢業年份  2009  \r\n編號 Z00001029   \r\n全文  \r\n','/2013/07/1374411996028.pdf','醫療機構 民事責任 ',1,1,300,NULL,'active','2013-07-21 21:06:36','2013-07-22 09:57:43'),(32,2,'teaching','1',90,0,'《普通高等学校图书馆规程》','','《普通高等学校图书馆规程》\r\n与高等学校图书馆事业\r\n主講:李晓明','/2013/07/1374412874466.pdf','高等学校 图书馆 规程',1,1,104,NULL,'active','2013-07-21 21:21:14','2013-07-22 09:57:43'),(33,2,'teaching','2',90,0,'中国图书馆事业发展述略','','中国图书馆事业发展述略\r\n暑期馆长研修班发言\r\n朱强\r\n2012.7.12.天津','/2013/07/1374413986206.pdf','中国 图书馆',1,1,78,NULL,'active','2013-07-21 21:39:46','2013-07-22 09:57:43'),(34,2,'teaching','3',90,0,'专业化图书馆职业及其','','专业化图书馆职业及其从业人员\r\n专业化图书馆职业及其\r\n从业人员\r\n于良芝\r\n南开大学信息资源管理系\r\n专业化图书馆职业的形成\r\nn 专业化图书馆职业的使命及知识体系\r\nn 专业化图书馆职业的从业人员\r\nn 专业馆员\r\nq 基本资质条件(qualifications)\r\nq 职业能力(competences)\r\nq 工作岗位','/2013/07/1374414228247.pdf','图书馆 职业 \r\n从业人员',1,1,51,NULL,'active','2013-07-21 21:43:48','2013-07-22 09:57:43'),(35,2,'teaching','4',90,0,'国内外图书馆资源共享理论与实践','','国内外图书馆\r\n信息资源共享理论与实践\r\n肖珑\r\n北京大学图书馆\r\n2012年7月天津','/2013/07/1374414367682.pdf','',1,1,82,NULL,'active','2013-07-21 21:46:07','2013-07-22 09:57:43'),(36,2,'teaching','5',90,91,'数字图书馆相关技术','','数字图书馆相关技术\r\n姜爱蓉\r\n清华大学图书馆\r\n2012年07月11日● 南开大学','/2013/07/1374415495834.pdf','数字图书馆',1,1,129,NULL,'active','2013-07-21 22:04:55','2013-07-22 09:57:43'),(37,2,'teaching','6',85,0,'高校图书馆服务创新','','高校图书馆服务创新\r\n——馆长如何做好服务\r\n柯平\r\n南开大学信息资源管理系\r\n2012-07-11','/2013/07/1374415694949.pdf','高校 图书馆 服务创新',1,1,48,NULL,'active','2013-07-21 22:08:14','2013-07-22 09:57:43'),(38,2,'teaching','7',85,0,'图书馆人力资源建设与管理','','面向新时期的高校图书馆人力资源建设与管理\r\n清华大学图书馆高瑄\r\n2012.07\r\n人才引进问题——引进什么人？怎样引进？\r\nn 总体结构问题——什么样的人员比例更合理？\r\nn 位置问题——岗位聘任吗？如何实行？\r\nn 待遇问题——图书馆收入超过学校平均水平，\r\n可能吗？\r\nn 发展问题——馆员的自我设计与图书馆发展的\r\n需要，如何协调？\r\nn 和谐团队建设问题——氛围？环境？ 凝聚力？','/2013/07/1374415837703.pdf','高校图书馆 人力资源',1,1,34,NULL,'active','2013-07-21 22:10:37','2013-07-22 09:57:43'),(39,2,'teaching','8',90,0,'高校图书馆馆藏发展策略与案例研究','','高校图书馆藏书发展策略与案例研究\r\n天津·2012年7月9日\r\n武汉大学图书馆燕今伟','/2013/07/1374415948486.pdf','高校图书馆 馆藏发展策略 案例研究',1,1,62,NULL,'active','2013-07-21 22:12:28','2013-07-22 09:57:43'),(40,2,'teaching','9',90,91,'数字时代的信息资源建设','','数字时代的信息资源建设\r\n孙坦\r\n2012年7月12日\r\n数字时代环境趋势扫描\r\n2 数字时代信息资源建设内涵\r\n3 信息资源建设主要内容方法','/2013/07/1374416139244.pdf','数字时代 信息资源',1,1,109,NULL,'active','2013-07-21 22:15:39','2013-07-22 09:57:43'),(41,4,'book','1aa',58,0,'数字图书馆营销的价格策略研究','','数字图书馆营销的价格策略研究','/2013/07/1374416454063.pdf','数字图书馆 营销价格 策略',0,1,2,NULL,'active','2013-07-21 22:20:54','2013-07-23 21:48:29'),(42,2,'thesis','801',90,0,'商业性文献数据库的营销策略研究——基于维普资讯、万方数 据、中国知网的比较分析','','商业性文献数据库的营销策略研究——基于维普资讯、万方数据、中国知网的比较分析','/2013/07/1374417062959.pdf','文献数据库 营销策略 维普资讯 万方数据 知网',1,1,56,NULL,'active','2013-07-21 22:31:02','2013-07-22 09:57:43'),(43,2,'thesis','2',90,0,'电子资源绩效评估指标体系研究综述','','电子资源绩效评估指标体系研究综述','/2013/07/1374417164269.pdf','电子资源 绩效评估 ',1,1,4,NULL,'active','2013-07-21 22:32:44','2013-07-22 09:57:43'),(44,2,'thesis','3',90,0,'高校图书馆数字资源联合采购的运行与推进','','文章论述了高校图书馆数字资源联合采购的可行性, 分析了高校图书馆数字资源联合采购的现状,并提出了高校图书馆数字资源联合采购的运行模式和推进策略。','/2013/07/1374417290113.pdf','数字资源 联合采购 高校图书馆 模式 策略',1,1,3,NULL,'active','2013-07-21 22:34:50','2013-07-22 09:57:43'),(45,2,'thesis','4',90,0,'高校图书馆数据库的采购','','高校图书馆数据库的采购\r\n向林芳\r\n【摘要】本文总结了数据库采购的策略、方式、流程和存在的问题，并根据存在的问题提出了相应的对策。','/2013/07/1374417405278.pdf','图书馆数据库 采购',1,1,4,NULL,'active','2013-07-21 22:36:45','2013-07-22 09:57:43'),(46,2,'thesis','5',90,0,'高校图书馆数据库采购策略分析','','高校图书馆数据库采购策略分析\r\n粱维敏\r\n(辽宁省锦州市高新技术产业开发区科技路19号，121013)\r\n摘要：网络环境下，购买数据库扩充馆藏资源已成为一种必然。通过分析数据库采购方式及数据库采购应遵循的\r\n原则，论述了高校图书馆要立足于读者需求，用最优惠的价格购买最需要的电子资源，使馆藏资源得到最大化的利用。','/2013/07/1374417481810.pdf','图书馆；网络；数据库；采购',1,1,4,NULL,'active','2013-07-21 22:38:01','2013-07-22 09:57:43'),(47,2,'thesis','6',90,0,'高校图书馆数据库采购新模式','','高校图书馆数据库采购新模式\r\n赵莉\r\n（大连轻工业学院图书馆116034）\r\n摘要：论述了高校图书馆数据库采购的现状及存在的问题，提出了新的采购模式，从而增大了数据库采购的规范性和科学性。','/2013/07/1374417591120.pdf','高校图书馆 数据库 采购模式',1,1,4,NULL,'active','2013-07-21 22:39:51','2013-07-22 09:57:43'),(48,2,'thesis','7',90,0,'探讨一种新的数字资源采购模式','','探讨一种新的数字资源采购模式\r\n刘军1，张军1，王雷2\r\n(1．浙江大学图书馆，浙江杭州310027；2．南开大学图书馆，天津300071)\r\n[摘要]本文分析了目前图书馆采购数字资源的经费来源，总结归纳出现有的五种采购模式，提出新的产学研合作\r\n的数字资源订购模式，探讨了这种模式在全球化背景下的意义和作用。','/2013/07/1374417695338.pdf','[关键词]数字资源；采访；采购模式',1,1,3,NULL,'active','2013-07-21 22:41:35','2013-07-22 09:57:43'),(49,2,'thesis','8',90,0,'数字资源政府采购的问题与对策','','数字资源政府采购的问题与对策\r\n潘向泷 徐文贤 石继平\r\n【摘要】政府采购制度在国外实施已有数百年的历史，我国政府采购的政策与法律环境已日趋成熟，近年来\r\n图书馆对数字资源实施政府采购大的环境条件已经具备。但由于起步较晚，实践中还存在对政府采购目标的认\r\n识不足、数字资源缺乏科学的评价体系、招标文件的编制缺乏针对性等问题。只有正视这些问题的存在，采取科学的应对策略，才能确保采购结果的经济性和有效性，最大程度地保障采购人的利益。','/2013/07/1374417816387.pdf','政府采购 数字资源 招标文件 采购方式',1,1,5,NULL,'active','2013-07-21 22:43:36','2013-07-22 09:57:43'),(50,2,'thesis','8',90,0,'图书馆电子数据库采购现状及对策分析','','图书馆电子数据库采购现状及对策分析\r\n裴毅 马晓辉\r\n摘要馆藏资源的电子化是数字图书馆的重要特征，电子数据库已成为馆藏电子资源的重要组\r\n成部分，如何科学合理地采购电子数据库是数字图书馆建设的重要课题。参考文献7。','/2013/07/1374417894141.pdf','图书馆 电子数据库 采购',1,1,4,NULL,'active','2013-07-21 22:44:54','2013-07-22 09:57:43'),(51,4,'book','aaaa',19,20,'test','','','/2013/07/1374620580730.pdf','',1,1,20,NULL,'active','2013-07-24 07:03:00','2013-07-24 07:06:36'),(52,4,'book','1001',24,6,'aaa','','','/2013/11/1383462736297.pdf','',1,1,10,NULL,'active','2013-11-03 15:12:16','2013-11-03 15:15:17');
/*!40000 ALTER TABLE `res_chapter` ENABLE KEYS */;
UNLOCK TABLES;

--
-- Table structure for table `res_chapter_author`
--

DROP TABLE IF EXISTS `res_chapter_author`;
SET @saved_cs_client     = @@character_set_client;
SET character_set_client = utf8;
CREATE TABLE `res_chapter_author` (
  `ID` int(10) unsigned NOT NULL auto_increment COMMENT '著作人 - 篇 关系表',
  `AITHOR_ID` int(10) unsigned NOT NULL,
  `CHAPTER_ID` int(10) unsigned NOT NULL,
  `TYPE` enum('author','editor','translator','teachingPeople','publisher','adviser','graduateStudent','digester') default NULL,
  `SEQUENCE` int(10) unsigned default NULL,
  PRIMARY KEY  (`ID`)
) ENGINE=MyISAM DEFAULT CHARSET=utf8;
SET character_set_client = @saved_cs_client;

--
-- Dumping data for table `res_chapter_author`
--

LOCK TABLES `res_chapter_author` WRITE;
/*!40000 ALTER TABLE `res_chapter_author` DISABLE KEYS */;
/*!40000 ALTER TABLE `res_chapter_author` ENABLE KEYS */;
UNLOCK TABLES;

--
-- Table structure for table `res_chapter_authorizer`
--

DROP TABLE IF EXISTS `res_chapter_authorizer`;
SET @saved_cs_client     = @@character_set_client;
SET character_set_client = utf8;
CREATE TABLE `res_chapter_authorizer` (
  `ID` int(11) NOT NULL auto_increment COMMENT '篇章授权人关联表',
  `CHAPTER_ID` int(10) unsigned default NULL COMMENT '篇章ID',
  `RELATIVE_ID` int(11) unsigned default NULL COMMENT '授权人ID',
  `RELATIVE_TYPE` enum('author','publishing','thirdparty') default NULL COMMENT '类型',
  `SEQUENCE` int(11) default NULL COMMENT '摘要',
  PRIMARY KEY  (`ID`)
) ENGINE=MyISAM AUTO_INCREMENT=39 DEFAULT CHARSET=utf8;
SET character_set_client = @saved_cs_client;

--
-- Dumping data for table `res_chapter_authorizer`
--

LOCK TABLES `res_chapter_authorizer` WRITE;
/*!40000 ALTER TABLE `res_chapter_authorizer` DISABLE KEYS */;
INSERT INTO `res_chapter_authorizer` VALUES (1,1,2,'author',1),(2,2,2,'author',1),(3,3,2,'author',1),(4,4,2,'author',1),(6,5,2,'author',1),(7,6,2,'author',1),(8,7,2,'author',1),(9,8,2,'author',1),(11,9,2,'author',1),(12,10,2,'author',1),(13,11,2,'author',1),(14,12,2,'author',1),(16,13,2,'author',1),(17,14,2,'author',1),(18,15,2,'author',1),(19,16,2,'author',1),(20,17,2,'author',1),(21,18,2,'author',1),(22,19,2,'author',1),(23,20,2,'author',1),(24,21,2,'author',1),(25,22,2,'author',1),(26,23,4,'publishing',1),(27,24,2,'publishing',1),(28,25,2,'publishing',1),(29,26,2,'publishing',1),(30,27,4,'publishing',1),(33,28,2,'publishing',1),(37,32,1,'author',1),(36,31,1,'publishing',1),(38,50,1,'publishing',1);
/*!40000 ALTER TABLE `res_chapter_authorizer` ENABLE KEYS */;
UNLOCK TABLES;

--
-- Table structure for table `sys_company`
--

DROP TABLE IF EXISTS `sys_company`;
SET @saved_cs_client     = @@character_set_client;
SET character_set_client = utf8;
CREATE TABLE `sys_company` (
  `ID` int(10) unsigned NOT NULL auto_increment COMMENT '团体ID',
  `NAME` varchar(50) default NULL COMMENT '团体名称',
  `CONTACT_NAME` varchar(30) default NULL COMMENT '联系人',
  `EMAIL` varchar(100) default NULL,
  `PHONE` varchar(30) default NULL,
  `STATUS` enum('ACTIVE','INACTIVE','DELETED') NOT NULL COMMENT '状态',
  `START_DATE` date default NULL COMMENT '开通日期',
  `EXPIRY_DATE` date default NULL COMMENT '终止日期',
  `REMARK` varchar(255) default NULL COMMENT '备注',
  `IP_RANGE` varchar(500) default NULL COMMENT '团体IP范围192.168.1.1-192.168.1.100',
  `INSERT_DATE` datetime NOT NULL COMMENT '创建时间',
  `UPDATE_DATE` datetime NOT NULL COMMENT '更新时间',
  PRIMARY KEY  (`ID`)
) ENGINE=MyISAM AUTO_INCREMENT=2 DEFAULT CHARSET=utf8;
SET character_set_client = @saved_cs_client;

--
-- Dumping data for table `sys_company`
--

LOCK TABLES `sys_company` WRITE;
/*!40000 ALTER TABLE `sys_company` DISABLE KEYS */;
/*!40000 ALTER TABLE `sys_company` ENABLE KEYS */;
UNLOCK TABLES;

--
-- Table structure for table `sys_company_ip`
--

DROP TABLE IF EXISTS `sys_company_ip`;
SET @saved_cs_client     = @@character_set_client;
SET character_set_client = utf8;
CREATE TABLE `sys_company_ip` (
  `ID` int(10) unsigned NOT NULL auto_increment COMMENT '团体IP段',
  `COMPANY_ID` int(10) unsigned NOT NULL COMMENT '团体ID',
  `IP_RANGE` varchar(100) default NULL COMMENT '192.168.1.1-192.168.1.100',
  PRIMARY KEY  (`ID`)
) ENGINE=MyISAM DEFAULT CHARSET=utf8;
SET character_set_client = @saved_cs_client;

--
-- Dumping data for table `sys_company_ip`
--

LOCK TABLES `sys_company_ip` WRITE;
/*!40000 ALTER TABLE `sys_company_ip` DISABLE KEYS */;
/*!40000 ALTER TABLE `sys_company_ip` ENABLE KEYS */;
UNLOCK TABLES;

--
-- Table structure for table `sys_permission`
--

DROP TABLE IF EXISTS `sys_permission`;
SET @saved_cs_client     = @@character_set_client;
SET character_set_client = utf8;
CREATE TABLE `sys_permission` (
  `ROLE_ID` int(10) unsigned NOT NULL,
  `RESOURCE_ID` int(10) unsigned NOT NULL,
  PRIMARY KEY  (`ROLE_ID`,`RESOURCE_ID`)
) ENGINE=InnoDB DEFAULT CHARSET=utf8;
SET character_set_client = @saved_cs_client;

--
-- Dumping data for table `sys_permission`
--

LOCK TABLES `sys_permission` WRITE;
/*!40000 ALTER TABLE `sys_permission` DISABLE KEYS */;
/*!40000 ALTER TABLE `sys_permission` ENABLE KEYS */;
UNLOCK TABLES;

--
-- Table structure for table `sys_resource`
--

DROP TABLE IF EXISTS `sys_resource`;
SET @saved_cs_client     = @@character_set_client;
SET character_set_client = utf8;
CREATE TABLE `sys_resource` (
  `ID` int(10) unsigned NOT NULL auto_increment,
  `SN` varchar(50) NOT NULL,
  `TITLE` varchar(100) default NULL,
  `REMARK` varchar(200) default NULL,
  `PID` int(10) unsigned default NULL,
  `LFT` int(10) unsigned default NULL,
  `RGT` int(10) unsigned default NULL,
  `LEVEL` int(2) unsigned default NULL,
  `INSERT_DATE` datetime NOT NULL,
  `UPDATE_DATE` datetime NOT NULL,
  PRIMARY KEY  (`ID`)
) ENGINE=InnoDB DEFAULT CHARSET=utf8;
SET character_set_client = @saved_cs_client;

--
-- Dumping data for table `sys_resource`
--

LOCK TABLES `sys_resource` WRITE;
/*!40000 ALTER TABLE `sys_resource` DISABLE KEYS */;
/*!40000 ALTER TABLE `sys_resource` ENABLE KEYS */;
UNLOCK TABLES;

--
-- Table structure for table `sys_role`
--

DROP TABLE IF EXISTS `sys_role`;
SET @saved_cs_client     = @@character_set_client;
SET character_set_client = utf8;
CREATE TABLE `sys_role` (
  `ID` int(10) unsigned NOT NULL auto_increment,
  `SN` varchar(50) default NULL,
  `NAME` varchar(50) NOT NULL,
  `REMARK` varchar(200) default NULL,
  `STATUS` enum('ACTIVE','INACTIVE') NOT NULL,
  `INSERT_DATE` datetime NOT NULL,
  `UPDATE_DATE` datetime NOT NULL,
  PRIMARY KEY  (`ID`),
  UNIQUE KEY `ROLE_SN` (`SN`)
) ENGINE=InnoDB AUTO_INCREMENT=4 DEFAULT CHARSET=utf8;
SET character_set_client = @saved_cs_client;

--
-- Dumping data for table `sys_role`
--

LOCK TABLES `sys_role` WRITE;
/*!40000 ALTER TABLE `sys_role` DISABLE KEYS */;
INSERT INTO `sys_role` VALUES (1,'manager','管理员',NULL,'ACTIVE','2013-01-13 19:15:51','2013-01-13 19:15:53'),(2,'reader','用户',NULL,'ACTIVE','2013-01-13 19:16:26','2013-01-13 19:16:29'),(3,'author','作者',NULL,'ACTIVE','2013-01-13 19:16:48','2013-01-13 19:16:52');
/*!40000 ALTER TABLE `sys_role` ENABLE KEYS */;
UNLOCK TABLES;

--
-- Table structure for table `sys_user`
--

DROP TABLE IF EXISTS `sys_user`;
SET @saved_cs_client     = @@character_set_client;
SET character_set_client = utf8;
CREATE TABLE `sys_user` (
  `ID` int(10) unsigned NOT NULL auto_increment,
  `GENDER` enum('male','female') default NULL,
  `USERNAME` varchar(100) NOT NULL,
  `PASSWORD` varchar(50) default NULL,
  `VERIFY` varchar(50) default NULL COMMENT '用户注册验证码',
  `NICKNAME` varchar(50) default NULL,
  `FIRST_NAME` varchar(30) default NULL,
  `LAST_NAME` varchar(30) default NULL,
  `EMAIL` varchar(100) default NULL,
  `PHONE` varchar(30) default NULL,
  `STATUS` enum('PENDING','ACTIVE','INACTIVE','DELETED') NOT NULL,
  `BIRTH_DATE` datetime default NULL,
  `INSERT_DATE` datetime NOT NULL,
  `UPDATE_DATE` datetime NOT NULL,
  PRIMARY KEY  (`ID`)
) ENGINE=InnoDB AUTO_INCREMENT=5 DEFAULT CHARSET=utf8;
SET character_set_client = @saved_cs_client;

--
-- Dumping data for table `sys_user`
--

LOCK TABLES `sys_user` WRITE;
/*!40000 ALTER TABLE `sys_user` DISABLE KEYS */;
INSERT INTO `sys_user` VALUES (1,'male','admin','123456',NULL,'张慧华',NULL,NULL,'zhanghuihua@sohu.com','1234546567','ACTIVE','2011-11-13 00:00:00','2012-09-13 20:39:01','2012-09-16 22:14:15'),(3,'male','zhanghuihua','corezon','3ef52c7f-5271-1030-bbf5-5ab6836e9cc3','zhang',NULL,NULL,'zhanghuihua@sohu.com','1234546567','ACTIVE',NULL,'2012-09-16 14:55:10','2012-09-22 21:41:42'),(4,'male','duquan','123456',NULL,'杜权',NULL,NULL,'d@j-ui.com','','ACTIVE',NULL,'2013-07-27 19:32:17','2013-07-27 19:32:17');
/*!40000 ALTER TABLE `sys_user` ENABLE KEYS */;
UNLOCK TABLES;

--
-- Table structure for table `sys_user_role`
--

DROP TABLE IF EXISTS `sys_user_role`;
SET @saved_cs_client     = @@character_set_client;
SET character_set_client = utf8;
CREATE TABLE `sys_user_role` (
  `USER_ID` int(10) unsigned NOT NULL,
  `ROLE_ID` int(10) unsigned NOT NULL,
  PRIMARY KEY  (`USER_ID`,`ROLE_ID`),
  KEY `FK_sys_user_role` (`ROLE_ID`)
) ENGINE=InnoDB DEFAULT CHARSET=utf8;
SET character_set_client = @saved_cs_client;

--
-- Dumping data for table `sys_user_role`
--

LOCK TABLES `sys_user_role` WRITE;
/*!40000 ALTER TABLE `sys_user_role` DISABLE KEYS */;
/*!40000 ALTER TABLE `sys_user_role` ENABLE KEYS */;
UNLOCK TABLES;
/*!40103 SET TIME_ZONE=@OLD_TIME_ZONE */;

/*!40101 SET SQL_MODE=@OLD_SQL_MODE */;
/*!40014 SET FOREIGN_KEY_CHECKS=@OLD_FOREIGN_KEY_CHECKS */;
/*!40014 SET UNIQUE_CHECKS=@OLD_UNIQUE_CHECKS */;
/*!40101 SET CHARACTER_SET_CLIENT=@OLD_CHARACTER_SET_CLIENT */;
/*!40101 SET CHARACTER_SET_RESULTS=@OLD_CHARACTER_SET_RESULTS */;
/*!40101 SET COLLATION_CONNECTION=@OLD_COLLATION_CONNECTION */;
/*!40111 SET SQL_NOTES=@OLD_SQL_NOTES */;

-- Dump completed on 2013-12-04 11:55:36
